{"min_": [-1.163817654161651e-05, -0.0001577813281278606, -4.8130976635034504e-05, -5.537872831516495e-06, -1.673700421918557e-05, 0.2000053153871722, -0.00027027918486555316, -0.00013004442069669154], "scale_": [0.010002940479079906, 0.020004659440163903, 0.03333823895134908, 0.050010810580024684, 0.0100004459087821, 0.02000137481781142, 0.1000580581850387, 0.00020005099542525303], "data_min_": [0.0011634755366141114, 0.00788722890283644, 0.0014437168293524039, 0.00011073351475987536, 0.0016736257934746313, -9.999578389434784, 0.0027012235672785323, 0.6500563539824089], "data_max_": [99.97176732861305, 49.99624134165882, 29.99702931027695, 19.995787436251906, 99.99721473679824, 39.99698480228593, 9.996898773860396, 4999.3754957064675], "data_range_": [99.97060385307644, 49.988354112755985, 29.995585593447597, 19.995676702737146, 99.99554111100477, 49.99656319172071, 9.994197550293118, 4998.725439352485], "feature_names": ["load", "torque", "altitude", "wind_speed", "humidity", "temperature", "vibrations", "operational_hours"]}